{"spectral_radius": 0.4, "leaky_rate": 0.7000000000000001, "reservoir_size": 400.0, "connectivity": 0.5, "ridge_param": 0.00046415888336127724, "input_scaling": 0.5, "bias_scaling": 0.2}