{"spectral_radius": 0.30000000000000004, "reservoir_size": 300.0, "connectivity": 0.30000000000000004, "ridge_param": 2.1544346900318823e-05, "input_scaling": 0.2, "bias_scaling": 1.0}